id;title;content;created_date
1;Saint Helena Pound mesh;EXE Tasty Rubber Chips;2020-09-18
2;world-class Steel;Granite 1080p;2020-09-18
3;24/7 transform;Greece overriding;2020-09-18
4;mission-critical payment;Multi-layered revolutionize;2020-09-17
5;repurpose Optimized Fully-configurable;Designer bypassing;2020-09-18
6;Licensed solution-oriented;explicit;2020-09-18
7;Up-sized enterprise;PCI Communications;2020-09-18
8;Chair;connect Developer plum;2020-09-17
9;help-desk Sleek;Netherlands;2020-09-18
10;Digitized;Montserrat navigate Soft;2020-09-18
